ImageID,EncodedPixels
1.2.276.0.7230010.3.1.4.8323329.5797.1517875190.762694,
1.2.276.0.7230010.3.1.4.8323329.5798.1517875190.796716,
1.2.276.0.7230010.3.1.4.8323329.5799.1517875190.806810,
1.2.276.0.7230010.3.1.4.8323329.580.1517875163.537053,
1.2.276.0.7230010.3.1.4.8323329.5800.1517875190.832691,
1.2.276.0.7230010.3.1.4.8323329.5801.1517875190.850480,
1.2.276.0.7230010.3.1.4.8323329.5802.1517875190.919441,
1.2.276.0.7230010.3.1.4.8323329.5803.1517875190.948211,
1.2.276.0.7230010.3.1.4.8323329.5804.1517875190.965203,
1.2.276.0.7230010.3.1.4.8323329.5805.1517875190.971203,
1.2.276.0.7230010.3.1.4.8323329.5806.1517875190.997408,
1.2.276.0.7230010.3.1.4.8323329.5807.1517875191.46837,
1.2.276.0.7230010.3.1.4.8323329.5808.1517875191.103610,
1.2.276.0.7230010.3.1.4.8323329.5809.1517875191.181226,
1.2.276.0.7230010.3.1.4.8323329.581.1517875163.538760,
1.2.276.0.7230010.3.1.4.8323329.5810.1517875191.161980,
1.2.276.0.7230010.3.1.4.8323329.5811.1517875191.159688,
1.2.276.0.7230010.3.1.4.8323329.5812.1517875191.165822,
1.2.276.0.7230010.3.1.4.8323329.5813.1517875191.178523,
1.2.276.0.7230010.3.1.4.8323329.5814.1517875191.199063,
1.2.276.0.7230010.3.1.4.8323329.5815.1517875191.185989,
1.2.276.0.7230010.3.1.4.8323329.5816.1517875191.207380,
1.2.276.0.7230010.3.1.4.8323329.5817.1517875191.222523,
1.2.276.0.7230010.3.1.4.8323329.5818.1517875191.228622,
1.2.276.0.7230010.3.1.4.8323329.5819.1517875191.247064,
1.2.276.0.7230010.3.1.4.8323329.582.1517875163.546454,
1.2.276.0.7230010.3.1.4.8323329.5820.1517875191.249325,
1.2.276.0.7230010.3.1.4.8323329.5821.1517875191.246350,
1.2.276.0.7230010.3.1.4.8323329.5822.1517875191.292105,
1.2.276.0.7230010.3.1.4.8323329.5823.1517875191.296784,
1.2.276.0.7230010.3.1.4.8323329.5824.1517875191.323606,
1.2.276.0.7230010.3.1.4.8323329.5825.1517875191.342287,
1.2.276.0.7230010.3.1.4.8323329.5826.1517875191.351683,
1.2.276.0.7230010.3.1.4.8323329.5827.1517875191.350766,
1.2.276.0.7230010.3.1.4.8323329.5828.1517875191.341519,
1.2.276.0.7230010.3.1.4.8323329.5829.1517875191.395249,
1.2.276.0.7230010.3.1.4.8323329.583.1517875163.545784,
1.2.276.0.7230010.3.1.4.8323329.5830.1517875191.406486,
1.2.276.0.7230010.3.1.4.8323329.5831.1517875191.436811,
1.2.276.0.7230010.3.1.4.8323329.5832.1517875191.454262,
1.2.276.0.7230010.3.1.4.8323329.5833.1517875191.476556,
1.2.276.0.7230010.3.1.4.8323329.5834.1517875191.515390,
1.2.276.0.7230010.3.1.4.8323329.5835.1517875191.548945,
1.2.276.0.7230010.3.1.4.8323329.5836.1517875191.548726,
1.2.276.0.7230010.3.1.4.8323329.5837.1517875191.579808,
1.2.276.0.7230010.3.1.4.8323329.5838.1517875191.587919,
1.2.276.0.7230010.3.1.4.8323329.5839.1517875191.654694,
1.2.276.0.7230010.3.1.4.8323329.584.1517875163.552929,
1.2.276.0.7230010.3.1.4.8323329.5840.1517875191.649829,
1.2.276.0.7230010.3.1.4.8323329.5841.1517875191.659472,
1.2.276.0.7230010.3.1.4.8323329.5842.1517875191.664868,
1.2.276.0.7230010.3.1.4.8323329.5843.1517875191.673586,
1.2.276.0.7230010.3.1.4.8323329.5844.1517875191.690379,
1.2.276.0.7230010.3.1.4.8323329.5845.1517875191.702488,
1.2.276.0.7230010.3.1.4.8323329.5846.1517875191.710559,
1.2.276.0.7230010.3.1.4.8323329.5847.1517875191.698196,
1.2.276.0.7230010.3.1.4.8323329.5848.1517875191.704616,
1.2.276.0.7230010.3.1.4.8323329.5849.1517875191.722828,
1.2.276.0.7230010.3.1.4.8323329.585.1517875163.560240,
1.2.276.0.7230010.3.1.4.8323329.5850.1517875191.735242,
1.2.276.0.7230010.3.1.4.8323329.5851.1517875191.729256,
1.2.276.0.7230010.3.1.4.8323329.5852.1517875191.735562,
1.2.276.0.7230010.3.1.4.8323329.5853.1517875191.769180,
1.2.276.0.7230010.3.1.4.8323329.5854.1517875191.762250,
1.2.276.0.7230010.3.1.4.8323329.5855.1517875191.791791,
1.2.276.0.7230010.3.1.4.8323329.5856.1517875191.785271,
1.2.276.0.7230010.3.1.4.8323329.5857.1517875191.816283,
1.2.276.0.7230010.3.1.4.8323329.5858.1517875191.818159,
1.2.276.0.7230010.3.1.4.8323329.5859.1517875191.831031,
1.2.276.0.7230010.3.1.4.8323329.586.1517875163.569244,
1.2.276.0.7230010.3.1.4.8323329.5860.1517875191.872579,
1.2.276.0.7230010.3.1.4.8323329.5861.1517875191.853578,
1.2.276.0.7230010.3.1.4.8323329.5862.1517875191.859607,
1.2.276.0.7230010.3.1.4.8323329.5863.1517875191.863727,
1.2.276.0.7230010.3.1.4.8323329.5864.1517875191.874675,
1.2.276.0.7230010.3.1.4.8323329.5865.1517875191.889948,
1.2.276.0.7230010.3.1.4.8323329.5866.1517875191.879932,
1.2.276.0.7230010.3.1.4.8323329.5867.1517875191.895143,
1.2.276.0.7230010.3.1.4.8323329.5868.1517875191.908583,
1.2.276.0.7230010.3.1.4.8323329.5869.1517875191.937926,
1.2.276.0.7230010.3.1.4.8323329.587.1517875163.572858,
1.2.276.0.7230010.3.1.4.8323329.5870.1517875191.961685,
1.2.276.0.7230010.3.1.4.8323329.5871.1517875191.986435,
1.2.276.0.7230010.3.1.4.8323329.5872.1517875192.6373,
1.2.276.0.7230010.3.1.4.8323329.5873.1517875192.23873,
1.2.276.0.7230010.3.1.4.8323329.5874.1517875192.21238,
1.2.276.0.7230010.3.1.4.8323329.5875.1517875192.15497,
1.2.276.0.7230010.3.1.4.8323329.5876.1517875192.46265,
1.2.276.0.7230010.3.1.4.8323329.5877.1517875192.85942,
1.2.276.0.7230010.3.1.4.8323329.5878.1517875192.94158,
1.2.276.0.7230010.3.1.4.8323329.5879.1517875192.98770,
1.2.276.0.7230010.3.1.4.8323329.588.1517875163.573523,
1.2.276.0.7230010.3.1.4.8323329.5880.1517875192.117431,
1.2.276.0.7230010.3.1.4.8323329.5881.1517875192.113345,
1.2.276.0.7230010.3.1.4.8323329.5882.1517875192.114854,
1.2.276.0.7230010.3.1.4.8323329.5883.1517875192.140852,
1.2.276.0.7230010.3.1.4.8323329.5884.1517875192.132750,
1.2.276.0.7230010.3.1.4.8323329.5885.1517875192.139968,
1.2.276.0.7230010.3.1.4.8323329.5886.1517875192.167421,
1.2.276.0.7230010.3.1.4.8323329.5887.1517875192.188287,
1.2.276.0.7230010.3.1.4.8323329.5888.1517875192.218999,
1.2.276.0.7230010.3.1.4.8323329.5889.1517875192.229258,
1.2.276.0.7230010.3.1.4.8323329.589.1517875163.596264,
1.2.276.0.7230010.3.1.4.8323329.5890.1517875192.254535,
1.2.276.0.7230010.3.1.4.8323329.5891.1517875192.271624,
1.2.276.0.7230010.3.1.4.8323329.5892.1517875192.282733,
1.2.276.0.7230010.3.1.4.8323329.5893.1517875192.289767,
1.2.276.0.7230010.3.1.4.8323329.5894.1517875192.302761,
1.2.276.0.7230010.3.1.4.8323329.5895.1517875192.311883,
1.2.276.0.7230010.3.1.4.8323329.5896.1517875192.324656,
1.2.276.0.7230010.3.1.4.8323329.5897.1517875192.347294,
1.2.276.0.7230010.3.1.4.8323329.5898.1517875192.360759,
1.2.276.0.7230010.3.1.4.8323329.5899.1517875192.361136,
1.2.276.0.7230010.3.1.4.8323329.5900.1517875192.358098,
1.2.276.0.7230010.3.1.4.8323329.5901.1517875192.375124,
1.2.276.0.7230010.3.1.4.8323329.5902.1517875192.362851,
1.2.276.0.7230010.3.1.4.8323329.5903.1517875192.393499,
1.2.276.0.7230010.3.1.4.8323329.5904.1517875192.393587,
1.2.276.0.7230010.3.1.4.8323329.5905.1517875192.398201,
1.2.276.0.7230010.3.1.4.8323329.5906.1517875192.410470,
1.2.276.0.7230010.3.1.4.8323329.5907.1517875192.421269,
1.2.276.0.7230010.3.1.4.8323329.5908.1517875192.433407,
1.2.276.0.7230010.3.1.4.8323329.5909.1517875192.458312,
1.2.276.0.7230010.3.1.4.8323329.591.1517875163.597744,
1.2.276.0.7230010.3.1.4.8323329.5910.1517875192.469004,
1.2.276.0.7230010.3.1.4.8323329.5911.1517875192.469371,
1.2.276.0.7230010.3.1.4.8323329.5912.1517875192.475170,
1.2.276.0.7230010.3.1.4.8323329.5913.1517875192.491327,
1.2.276.0.7230010.3.1.4.8323329.5914.1517875192.501641,
1.2.276.0.7230010.3.1.4.8323329.5915.1517875192.499989,
1.2.276.0.7230010.3.1.4.8323329.5916.1517875192.522778,
1.2.276.0.7230010.3.1.4.8323329.5917.1517875192.538017,
1.2.276.0.7230010.3.1.4.8323329.5918.1517875192.589345,
1.2.276.0.7230010.3.1.4.8323329.5919.1517875192.629867,
1.2.276.0.7230010.3.1.4.8323329.592.1517875163.596782,
1.2.276.0.7230010.3.1.4.8323329.5920.1517875192.641146,
1.2.276.0.7230010.3.1.4.8323329.5921.1517875192.659936,
1.2.276.0.7230010.3.1.4.8323329.5922.1517875192.678314,
1.2.276.0.7230010.3.1.4.8323329.5923.1517875192.680366,
1.2.276.0.7230010.3.1.4.8323329.5924.1517875192.687737,
1.2.276.0.7230010.3.1.4.8323329.5925.1517875192.696960,
1.2.276.0.7230010.3.1.4.8323329.5926.1517875192.690224,
1.2.276.0.7230010.3.1.4.8323329.5927.1517875192.727889,
1.2.276.0.7230010.3.1.4.8323329.5928.1517875192.727858,
1.2.276.0.7230010.3.1.4.8323329.5929.1517875192.745084,
1.2.276.0.7230010.3.1.4.8323329.593.1517875163.595805,
1.2.276.0.7230010.3.1.4.8323329.5930.1517875192.760890,
1.2.276.0.7230010.3.1.4.8323329.5931.1517875192.893355,
1.2.276.0.7230010.3.1.4.8323329.5932.1517875192.889920,
1.2.276.0.7230010.3.1.4.8323329.5933.1517875192.918374,
1.2.276.0.7230010.3.1.4.8323329.5934.1517875192.944204,
1.2.276.0.7230010.3.1.4.8323329.5935.1517875192.947028,
1.2.276.0.7230010.3.1.4.8323329.5936.1517875192.957072,
1.2.276.0.7230010.3.1.4.8323329.5937.1517875192.957160,
1.2.276.0.7230010.3.1.4.8323329.5938.1517875192.958188,
1.2.276.0.7230010.3.1.4.8323329.5939.1517875192.982448,
1.2.276.0.7230010.3.1.4.8323329.594.1517875163.596798,
1.2.276.0.7230010.3.1.4.8323329.5940.1517875192.979975,
1.2.276.0.7230010.3.1.4.8323329.5941.1517875192.977222,
1.2.276.0.7230010.3.1.4.8323329.5942.1517875192.994523,
1.2.276.0.7230010.3.1.4.8323329.5943.1517875192.988544,
1.2.276.0.7230010.3.1.4.8323329.5944.1517875192.999950,
1.2.276.0.7230010.3.1.4.8323329.5945.1517875193.3679,
1.2.276.0.7230010.3.1.4.8323329.5946.1517875192.992175,
1.2.276.0.7230010.3.1.4.8323329.5947.1517875193.11025,
1.2.276.0.7230010.3.1.4.8323329.5948.1517875193.25727,
1.2.276.0.7230010.3.1.4.8323329.5949.1517875193.24030,
1.2.276.0.7230010.3.1.4.8323329.595.1517875163.607376,
1.2.276.0.7230010.3.1.4.8323329.5950.1517875193.19989,
1.2.276.0.7230010.3.1.4.8323329.5951.1517875193.26359,
1.2.276.0.7230010.3.1.4.8323329.5952.1517875193.48091,
1.2.276.0.7230010.3.1.4.8323329.5953.1517875193.45019,
1.2.276.0.7230010.3.1.4.8323329.5954.1517875193.59697,
1.2.276.0.7230010.3.1.4.8323329.5955.1517875193.49512,
1.2.276.0.7230010.3.1.4.8323329.5956.1517875193.53053,
1.2.276.0.7230010.3.1.4.8323329.5957.1517875193.69736,
1.2.276.0.7230010.3.1.4.8323329.5958.1517875193.76650,
1.2.276.0.7230010.3.1.4.8323329.5959.1517875193.92258,
1.2.276.0.7230010.3.1.4.8323329.596.1517875163.613318,
1.2.276.0.7230010.3.1.4.8323329.5960.1517875193.95401,
1.2.276.0.7230010.3.1.4.8323329.5961.1517875193.99881,
1.2.276.0.7230010.3.1.4.8323329.5962.1517875193.122750,
1.2.276.0.7230010.3.1.4.8323329.5963.1517875193.120942,
1.2.276.0.7230010.3.1.4.8323329.5964.1517875193.142753,
1.2.276.0.7230010.3.1.4.8323329.5965.1517875193.154889,
1.2.276.0.7230010.3.1.4.8323329.5966.1517875193.154952,
1.2.276.0.7230010.3.1.4.8323329.5967.1517875193.158996,
1.2.276.0.7230010.3.1.4.8323329.5968.1517875193.160532,
1.2.276.0.7230010.3.1.4.8323329.5969.1517875193.190300,
1.2.276.0.7230010.3.1.4.8323329.597.1517875163.616565,
1.2.276.0.7230010.3.1.4.8323329.5970.1517875193.293359,
1.2.276.0.7230010.3.1.4.8323329.5971.1517875193.313021,
1.2.276.0.7230010.3.1.4.8323329.5972.1517875193.343156,
1.2.276.0.7230010.3.1.4.8323329.5973.1517875193.348634,
1.2.276.0.7230010.3.1.4.8323329.5974.1517875193.372772,
1.2.276.0.7230010.3.1.4.8323329.5975.1517875193.372533,
1.2.276.0.7230010.3.1.4.8323329.5976.1517875193.380698,
1.2.276.0.7230010.3.1.4.8323329.5977.1517875193.416169,
1.2.276.0.7230010.3.1.4.8323329.5978.1517875193.397387,
1.2.276.0.7230010.3.1.4.8323329.5979.1517875193.417486,
1.2.276.0.7230010.3.1.4.8323329.598.1517875163.618268,
1.2.276.0.7230010.3.1.4.8323329.5980.1517875193.460449,
1.2.276.0.7230010.3.1.4.8323329.5981.1517875193.442637,
1.2.276.0.7230010.3.1.4.8323329.5982.1517875193.473187,
1.2.276.0.7230010.3.1.4.8323329.5983.1517875193.477675,
1.2.276.0.7230010.3.1.4.8323329.5984.1517875193.471141,
1.2.276.0.7230010.3.1.4.8323329.5985.1517875193.508182,
1.2.276.0.7230010.3.1.4.8323329.5986.1517875193.521679,
1.2.276.0.7230010.3.1.4.8323329.5987.1517875193.536736,
1.2.276.0.7230010.3.1.4.8323329.5988.1517875193.557148,
1.2.276.0.7230010.3.1.4.8323329.5989.1517875193.552210,
1.2.276.0.7230010.3.1.4.8323329.599.1517875163.619318,
1.2.276.0.7230010.3.1.4.8323329.5990.1517875193.572930,
1.2.276.0.7230010.3.1.4.8323329.5991.1517875193.595277,
1.2.276.0.7230010.3.1.4.8323329.5992.1517875193.622078,
1.2.276.0.7230010.3.1.4.8323329.5993.1517875193.634970,
1.2.276.0.7230010.3.1.4.8323329.5994.1517875193.658844,
1.2.276.0.7230010.3.1.4.8323329.5995.1517875193.697651,
1.2.276.0.7230010.3.1.4.8323329.5996.1517875193.695716,
1.2.276.0.7230010.3.1.4.8323329.5997.1517875193.700184,
1.2.276.0.7230010.3.1.4.8323329.5998.1517875193.706128,
1.2.276.0.7230010.3.1.4.8323329.5999.1517875193.743454,
1.2.276.0.7230010.3.1.4.8323329.600.1517875163.632969,
1.2.276.0.7230010.3.1.4.8323329.6000.1517875193.775354,
1.2.276.0.7230010.3.1.4.8323329.6001.1517875193.804351,
1.2.276.0.7230010.3.1.4.8323329.6002.1517875193.795315,
1.2.276.0.7230010.3.1.4.8323329.6003.1517875193.788198,
1.2.276.0.7230010.3.1.4.8323329.6004.1517875193.802651,
1.2.276.0.7230010.3.1.4.8323329.6005.1517875193.803666,
1.2.276.0.7230010.3.1.4.8323329.6006.1517875193.812881,
1.2.276.0.7230010.3.1.4.8323329.6007.1517875193.809054,
1.2.276.0.7230010.3.1.4.8323329.6008.1517875193.828798,
1.2.276.0.7230010.3.1.4.8323329.6009.1517875193.839979,
1.2.276.0.7230010.3.1.4.8323329.601.1517875163.632477,
1.2.276.0.7230010.3.1.4.8323329.6010.1517875193.838877,
1.2.276.0.7230010.3.1.4.8323329.6011.1517875193.677,
1.2.276.0.7230010.3.1.4.8323329.6012.1517875193.983866,
1.2.276.0.7230010.3.1.4.8323329.6013.1517875193.976828,
1.2.276.0.7230010.3.1.4.8323329.6014.1517875193.760,
1.2.276.0.7230010.3.1.4.8323329.6015.1517875194.6201,
1.2.276.0.7230010.3.1.4.8323329.6016.1517875194.37919,
1.2.276.0.7230010.3.1.4.8323329.6017.1517875194.5243,
1.2.276.0.7230010.3.1.4.8323329.6018.1517875194.45959,
1.2.276.0.7230010.3.1.4.8323329.6019.1517875194.19491,
1.2.276.0.7230010.3.1.4.8323329.602.1517875163.637058,
1.2.276.0.7230010.3.1.4.8323329.6020.1517875194.26435,
1.2.276.0.7230010.3.1.4.8323329.6021.1517875194.33002,
1.2.276.0.7230010.3.1.4.8323329.6022.1517875194.37752,
1.2.276.0.7230010.3.1.4.8323329.6023.1517875194.29811,
1.2.276.0.7230010.3.1.4.8323329.6024.1517875194.37124,
1.2.276.0.7230010.3.1.4.8323329.6025.1517875194.67340,
1.2.276.0.7230010.3.1.4.8323329.6026.1517875194.75724,
1.2.276.0.7230010.3.1.4.8323329.6027.1517875194.75647,
1.2.276.0.7230010.3.1.4.8323329.6028.1517875194.74465,
1.2.276.0.7230010.3.1.4.8323329.6029.1517875194.97842,
1.2.276.0.7230010.3.1.4.8323329.603.1517875163.641240,
1.2.276.0.7230010.3.1.4.8323329.6031.1517875194.107594,
1.2.276.0.7230010.3.1.4.8323329.6032.1517875194.115011,
1.2.276.0.7230010.3.1.4.8323329.6033.1517875194.121343,
1.2.276.0.7230010.3.1.4.8323329.6034.1517875194.144763,
1.2.276.0.7230010.3.1.4.8323329.6035.1517875194.148457,
1.2.276.0.7230010.3.1.4.8323329.6036.1517875194.138959,
1.2.276.0.7230010.3.1.4.8323329.6037.1517875194.177032,
1.2.276.0.7230010.3.1.4.8323329.6038.1517875194.162530,
1.2.276.0.7230010.3.1.4.8323329.6039.1517875194.175065,
1.2.276.0.7230010.3.1.4.8323329.604.1517875163.641978,
1.2.276.0.7230010.3.1.4.8323329.6040.1517875194.177632,
1.2.276.0.7230010.3.1.4.8323329.6041.1517875194.194971,
1.2.276.0.7230010.3.1.4.8323329.6042.1517875194.200758,
1.2.276.0.7230010.3.1.4.8323329.6043.1517875194.208786,
1.2.276.0.7230010.3.1.4.8323329.6044.1517875194.208165,
1.2.276.0.7230010.3.1.4.8323329.6045.1517875194.227183,
1.2.276.0.7230010.3.1.4.8323329.6046.1517875194.238374,
1.2.276.0.7230010.3.1.4.8323329.6047.1517875194.258571,
1.2.276.0.7230010.3.1.4.8323329.6048.1517875194.294575,
1.2.276.0.7230010.3.1.4.8323329.6049.1517875194.330299,
1.2.276.0.7230010.3.1.4.8323329.605.1517875163.658162,
1.2.276.0.7230010.3.1.4.8323329.6050.1517875194.368208,
1.2.276.0.7230010.3.1.4.8323329.6051.1517875194.389336,
1.2.276.0.7230010.3.1.4.8323329.6052.1517875195.374792,
1.2.276.0.7230010.3.1.4.8323329.6053.1517875195.381257,
1.2.276.0.7230010.3.1.4.8323329.6054.1517875195.426375,
1.2.276.0.7230010.3.1.4.8323329.6055.1517875195.431985,
1.2.276.0.7230010.3.1.4.8323329.6056.1517875195.468079,
1.2.276.0.7230010.3.1.4.8323329.6057.1517875195.474178,
1.2.276.0.7230010.3.1.4.8323329.6058.1517875195.508522,
1.2.276.0.7230010.3.1.4.8323329.6059.1517875195.666364,
1.2.276.0.7230010.3.1.4.8323329.606.1517875163.664448,
1.2.276.0.7230010.3.1.4.8323329.6060.1517875195.681779,
1.2.276.0.7230010.3.1.4.8323329.6061.1517875195.712169,
1.2.276.0.7230010.3.1.4.8323329.6062.1517875195.751534,
1.2.276.0.7230010.3.1.4.8323329.6063.1517875195.897680,
1.2.276.0.7230010.3.1.4.8323329.6064.1517875195.903355,
1.2.276.0.7230010.3.1.4.8323329.6065.1517875195.904347,
1.2.276.0.7230010.3.1.4.8323329.6066.1517875195.913340,
1.2.276.0.7230010.3.1.4.8323329.6067.1517875195.915618,
1.2.276.0.7230010.3.1.4.8323329.6068.1517875195.901526,
1.2.276.0.7230010.3.1.4.8323329.6069.1517875195.931485,
1.2.276.0.7230010.3.1.4.8323329.607.1517875163.665814,
1.2.276.0.7230010.3.1.4.8323329.6070.1517875195.938695,
1.2.276.0.7230010.3.1.4.8323329.6071.1517875195.989638,
1.2.276.0.7230010.3.1.4.8323329.6072.1517875196.35305,
1.2.276.0.7230010.3.1.4.8323329.6073.1517875196.43966,
1.2.276.0.7230010.3.1.4.8323329.6074.1517875196.90815,
1.2.276.0.7230010.3.1.4.8323329.6075.1517875196.140940,
1.2.276.0.7230010.3.1.4.8323329.6076.1517875196.191804,
1.2.276.0.7230010.3.1.4.8323329.6077.1517875196.219087,
1.2.276.0.7230010.3.1.4.8323329.6078.1517875196.221892,
1.2.276.0.7230010.3.1.4.8323329.6079.1517875196.264177,
1.2.276.0.7230010.3.1.4.8323329.608.1517875163.669595,
1.2.276.0.7230010.3.1.4.8323329.6080.1517875196.313091,
1.2.276.0.7230010.3.1.4.8323329.6081.1517875196.408460,
1.2.276.0.7230010.3.1.4.8323329.6082.1517875196.407031,
1.2.276.0.7230010.3.1.4.8323329.6083.1517875196.423941,
1.2.276.0.7230010.3.1.4.8323329.6084.1517875196.445843,
1.2.276.0.7230010.3.1.4.8323329.6085.1517875196.435602,
1.2.276.0.7230010.3.1.4.8323329.6086.1517875196.453752,
1.2.276.0.7230010.3.1.4.8323329.6087.1517875196.470878,
1.2.276.0.7230010.3.1.4.8323329.6088.1517875196.476825,
1.2.276.0.7230010.3.1.4.8323329.6089.1517875196.493087,
1.2.276.0.7230010.3.1.4.8323329.609.1517875163.680634,
1.2.276.0.7230010.3.1.4.8323329.6090.1517875196.494557,
1.2.276.0.7230010.3.1.4.8323329.6091.1517875196.508212,
1.2.276.0.7230010.3.1.4.8323329.6092.1517875196.508731,
1.2.276.0.7230010.3.1.4.8323329.6093.1517875196.519322,
1.2.276.0.7230010.3.1.4.8323329.6094.1517875196.518215,
1.2.276.0.7230010.3.1.4.8323329.6095.1517875196.520107,
1.2.276.0.7230010.3.1.4.8323329.6096.1517875196.514992,
1.2.276.0.7230010.3.1.4.8323329.6097.1517875196.527134,
1.2.276.0.7230010.3.1.4.8323329.6098.1517875196.532890,
1.2.276.0.7230010.3.1.4.8323329.6099.1517875196.552935,
1.2.276.0.7230010.3.1.4.8323329.610.1517875163.682763,
1.2.276.0.7230010.3.1.4.8323329.6100.1517875196.546915,
1.2.276.0.7230010.3.1.4.8323329.6101.1517875196.542711,
1.2.276.0.7230010.3.1.4.8323329.6102.1517875196.552550,
1.2.276.0.7230010.3.1.4.8323329.6103.1517875196.550241,
1.2.276.0.7230010.3.1.4.8323329.6104.1517875196.561468,
1.2.276.0.7230010.3.1.4.8323329.6105.1517875196.572273,
1.2.276.0.7230010.3.1.4.8323329.6106.1517875196.567499,
1.2.276.0.7230010.3.1.4.8323329.6107.1517875196.576812,
1.2.276.0.7230010.3.1.4.8323329.6108.1517875196.573358,
1.2.276.0.7230010.3.1.4.8323329.6109.1517875196.574624,
1.2.276.0.7230010.3.1.4.8323329.611.1517875163.682790,
1.2.276.0.7230010.3.1.4.8323329.6110.1517875196.589278,
1.2.276.0.7230010.3.1.4.8323329.6111.1517875196.592604,
1.2.276.0.7230010.3.1.4.8323329.6112.1517875196.590742,
1.2.276.0.7230010.3.1.4.8323329.6113.1517875196.608064,
1.2.276.0.7230010.3.1.4.8323329.6114.1517875196.612017,
1.2.276.0.7230010.3.1.4.8323329.6115.1517875196.616758,
1.2.276.0.7230010.3.1.4.8323329.6116.1517875196.610774,
1.2.276.0.7230010.3.1.4.8323329.6117.1517875196.621187,
1.2.276.0.7230010.3.1.4.8323329.6118.1517875196.627498,
1.2.276.0.7230010.3.1.4.8323329.6119.1517875196.635530,
1.2.276.0.7230010.3.1.4.8323329.612.1517875163.694286,
1.2.276.0.7230010.3.1.4.8323329.6120.1517875196.634319,
1.2.276.0.7230010.3.1.4.8323329.6121.1517875196.630608,
1.2.276.0.7230010.3.1.4.8323329.6122.1517875196.627459,
1.2.276.0.7230010.3.1.4.8323329.6123.1517875196.651624,
1.2.276.0.7230010.3.1.4.8323329.6124.1517875196.640341,
1.2.276.0.7230010.3.1.4.8323329.6125.1517875196.647899,
1.2.276.0.7230010.3.1.4.8323329.6126.1517875196.661711,
1.2.276.0.7230010.3.1.4.8323329.6127.1517875196.644318,
1.2.276.0.7230010.3.1.4.8323329.6128.1517875196.661639,
1.2.276.0.7230010.3.1.4.8323329.6129.1517875196.661887,
1.2.276.0.7230010.3.1.4.8323329.613.1517875163.694257,
1.2.276.0.7230010.3.1.4.8323329.6130.1517875196.663062,
1.2.276.0.7230010.3.1.4.8323329.6131.1517875196.657575,
1.2.276.0.7230010.3.1.4.8323329.6132.1517875196.663434,
1.2.276.0.7230010.3.1.4.8323329.6133.1517875196.673415,
1.2.276.0.7230010.3.1.4.8323329.6134.1517875196.681385,
1.2.276.0.7230010.3.1.4.8323329.6135.1517875196.685123,
1.2.276.0.7230010.3.1.4.8323329.6136.1517875196.688265,
1.2.276.0.7230010.3.1.4.8323329.6137.1517875196.689784,
1.2.276.0.7230010.3.1.4.8323329.6138.1517875196.696592,
1.2.276.0.7230010.3.1.4.8323329.6139.1517875196.698882,
1.2.276.0.7230010.3.1.4.8323329.614.1517875163.702453,
1.2.276.0.7230010.3.1.4.8323329.6140.1517875196.697884,
1.2.276.0.7230010.3.1.4.8323329.6141.1517875196.714183,
1.2.276.0.7230010.3.1.4.8323329.6142.1517875196.718800,
1.2.276.0.7230010.3.1.4.8323329.6143.1517875196.719375,
1.2.276.0.7230010.3.1.4.8323329.6144.1517875196.721781,
1.2.276.0.7230010.3.1.4.8323329.6145.1517875196.725300,
1.2.276.0.7230010.3.1.4.8323329.6146.1517875196.740093,
1.2.276.0.7230010.3.1.4.8323329.6147.1517875196.739897,
1.2.276.0.7230010.3.1.4.8323329.6148.1517875196.740512,
1.2.276.0.7230010.3.1.4.8323329.6149.1517875196.742562,
1.2.276.0.7230010.3.1.4.8323329.615.1517875163.703375,
1.2.276.0.7230010.3.1.4.8323329.6150.1517875196.762551,
1.2.276.0.7230010.3.1.4.8323329.6151.1517875196.762570,
1.2.276.0.7230010.3.1.4.8323329.6152.1517875196.760058,
1.2.276.0.7230010.3.1.4.8323329.6153.1517875196.761180,
1.2.276.0.7230010.3.1.4.8323329.6154.1517875196.761169,
1.2.276.0.7230010.3.1.4.8323329.6155.1517875196.770487,
1.2.276.0.7230010.3.1.4.8323329.6156.1517875196.780017,
1.2.276.0.7230010.3.1.4.8323329.6157.1517875196.782799,
1.2.276.0.7230010.3.1.4.8323329.6158.1517875196.784357,
1.2.276.0.7230010.3.1.4.8323329.6159.1517875196.803533,
1.2.276.0.7230010.3.1.4.8323329.616.1517875163.721499,
1.2.276.0.7230010.3.1.4.8323329.6160.1517875196.806852,
1.2.276.0.7230010.3.1.4.8323329.6161.1517875196.804226,
1.2.276.0.7230010.3.1.4.8323329.6162.1517875196.811008,
1.2.276.0.7230010.3.1.4.8323329.6163.1517875196.815187,
1.2.276.0.7230010.3.1.4.8323329.6164.1517875196.817931,
1.2.276.0.7230010.3.1.4.8323329.6165.1517875196.822622,
1.2.276.0.7230010.3.1.4.8323329.6166.1517875196.829660,
1.2.276.0.7230010.3.1.4.8323329.6167.1517875196.831069,
1.2.276.0.7230010.3.1.4.8323329.6168.1517875196.836589,
1.2.276.0.7230010.3.1.4.8323329.6169.1517875196.836614,
1.2.276.0.7230010.3.1.4.8323329.617.1517875163.727808,
1.2.276.0.7230010.3.1.4.8323329.6170.1517875196.850168,
1.2.276.0.7230010.3.1.4.8323329.6171.1517875196.859298,
1.2.276.0.7230010.3.1.4.8323329.6172.1517875196.862409,
1.2.276.0.7230010.3.1.4.8323329.6173.1517875196.872987,
1.2.276.0.7230010.3.1.4.8323329.6174.1517875196.874606,
1.2.276.0.7230010.3.1.4.8323329.6175.1517875196.877372,
1.2.276.0.7230010.3.1.4.8323329.6176.1517875196.874889,
1.2.276.0.7230010.3.1.4.8323329.6177.1517875196.880733,
1.2.276.0.7230010.3.1.4.8323329.6178.1517875196.885349,
1.2.276.0.7230010.3.1.4.8323329.6179.1517875196.887828,
1.2.276.0.7230010.3.1.4.8323329.618.1517875163.721499,
1.2.276.0.7230010.3.1.4.8323329.6180.1517875196.895756,
1.2.276.0.7230010.3.1.4.8323329.6181.1517875196.899823,
1.2.276.0.7230010.3.1.4.8323329.6182.1517875196.903727,
1.2.276.0.7230010.3.1.4.8323329.6183.1517875196.901521,
1.2.276.0.7230010.3.1.4.8323329.6184.1517875196.919704,
1.2.276.0.7230010.3.1.4.8323329.6185.1517875196.925066,
1.2.276.0.7230010.3.1.4.8323329.6186.1517875196.926038,
1.2.276.0.7230010.3.1.4.8323329.6187.1517875196.934561,
1.2.276.0.7230010.3.1.4.8323329.6188.1517875196.937263,
1.2.276.0.7230010.3.1.4.8323329.6189.1517875196.955723,
1.2.276.0.7230010.3.1.4.8323329.619.1517875163.724366,
1.2.276.0.7230010.3.1.4.8323329.6190.1517875196.947077,
1.2.276.0.7230010.3.1.4.8323329.6191.1517875196.965463,
1.2.276.0.7230010.3.1.4.8323329.6192.1517875196.961139,
1.2.276.0.7230010.3.1.4.8323329.6193.1517875196.959059,
1.2.276.0.7230010.3.1.4.8323329.6194.1517875196.965877,
1.2.276.0.7230010.3.1.4.8323329.6195.1517875196.972095,
1.2.276.0.7230010.3.1.4.8323329.6196.1517875196.975870,
1.2.276.0.7230010.3.1.4.8323329.6197.1517875196.977024,
1.2.276.0.7230010.3.1.4.8323329.6198.1517875196.983985,
1.2.276.0.7230010.3.1.4.8323329.6199.1517875196.982608,
1.2.276.0.7230010.3.1.4.8323329.620.1517875163.724446,
1.2.276.0.7230010.3.1.4.8323329.6200.1517875196.988814,
1.2.276.0.7230010.3.1.4.8323329.6201.1517875196.992985,
1.2.276.0.7230010.3.1.4.8323329.6202.1517875196.998681,
1.2.276.0.7230010.3.1.4.8323329.6203.1517875197.7280,
1.2.276.0.7230010.3.1.4.8323329.6204.1517875197.17953,
1.2.276.0.7230010.3.1.4.8323329.6205.1517875197.46907,
1.2.276.0.7230010.3.1.4.8323329.6206.1517875197.39980,
1.2.276.0.7230010.3.1.4.8323329.6207.1517875197.39635,
1.2.276.0.7230010.3.1.4.8323329.6208.1517875197.51423,
1.2.276.0.7230010.3.1.4.8323329.6209.1517875197.56795,
1.2.276.0.7230010.3.1.4.8323329.6210.1517875197.63606,
1.2.276.0.7230010.3.1.4.8323329.6211.1517875197.74627,
1.2.276.0.7230010.3.1.4.8323329.6212.1517875197.83090,
1.2.276.0.7230010.3.1.4.8323329.6213.1517875197.84267,
1.2.276.0.7230010.3.1.4.8323329.6214.1517875197.83920,
1.2.276.0.7230010.3.1.4.8323329.6215.1517875197.106720,
1.2.276.0.7230010.3.1.4.8323329.6216.1517875197.104164,
1.2.276.0.7230010.3.1.4.8323329.6217.1517875197.104164,
1.2.276.0.7230010.3.1.4.8323329.6218.1517875197.129025,
1.2.276.0.7230010.3.1.4.8323329.6219.1517875197.125573,
1.2.276.0.7230010.3.1.4.8323329.622.1517875163.738840,
1.2.276.0.7230010.3.1.4.8323329.6220.1517875197.172313,
1.2.276.0.7230010.3.1.4.8323329.6221.1517875197.172420,
1.2.276.0.7230010.3.1.4.8323329.6222.1517875197.135575,
1.2.276.0.7230010.3.1.4.8323329.6223.1517875197.147751,
1.2.276.0.7230010.3.1.4.8323329.6224.1517875197.167581,
1.2.276.0.7230010.3.1.4.8323329.6225.1517875197.149304,
1.2.276.0.7230010.3.1.4.8323329.6226.1517875197.151260,
1.2.276.0.7230010.3.1.4.8323329.6227.1517875197.171264,
1.2.276.0.7230010.3.1.4.8323329.6228.1517875197.174249,
1.2.276.0.7230010.3.1.4.8323329.6229.1517875197.172143,
1.2.276.0.7230010.3.1.4.8323329.623.1517875163.752341,
1.2.276.0.7230010.3.1.4.8323329.6230.1517875197.189115,
1.2.276.0.7230010.3.1.4.8323329.6231.1517875197.195718,
1.2.276.0.7230010.3.1.4.8323329.6232.1517875197.200793,
1.2.276.0.7230010.3.1.4.8323329.6233.1517875197.206791,
1.2.276.0.7230010.3.1.4.8323329.6234.1517875197.196765,
1.2.276.0.7230010.3.1.4.8323329.6235.1517875197.217889,
1.2.276.0.7230010.3.1.4.8323329.6236.1517875197.214350,
1.2.276.0.7230010.3.1.4.8323329.6237.1517875197.216838,
1.2.276.0.7230010.3.1.4.8323329.6238.1517875197.222388,
1.2.276.0.7230010.3.1.4.8323329.6239.1517875197.229217,
1.2.276.0.7230010.3.1.4.8323329.624.1517875163.750709,
1.2.276.0.7230010.3.1.4.8323329.6240.1517875197.243744,
1.2.276.0.7230010.3.1.4.8323329.6241.1517875197.241114,
1.2.276.0.7230010.3.1.4.8323329.6242.1517875197.255329,
1.2.276.0.7230010.3.1.4.8323329.6243.1517875197.259664,
1.2.276.0.7230010.3.1.4.8323329.6244.1517875197.271181,
1.2.276.0.7230010.3.1.4.8323329.6245.1517875197.270411,
1.2.276.0.7230010.3.1.4.8323329.6246.1517875197.280566,
1.2.276.0.7230010.3.1.4.8323329.6247.1517875197.281078,
1.2.276.0.7230010.3.1.4.8323329.6248.1517875197.287087,
1.2.276.0.7230010.3.1.4.8323329.6249.1517875197.290574,
1.2.276.0.7230010.3.1.4.8323329.625.1517875163.758884,
1.2.276.0.7230010.3.1.4.8323329.6250.1517875197.302746,
1.2.276.0.7230010.3.1.4.8323329.6251.1517875197.309237,
1.2.276.0.7230010.3.1.4.8323329.6252.1517875197.308139,
1.2.276.0.7230010.3.1.4.8323329.6253.1517875197.315372,
1.2.276.0.7230010.3.1.4.8323329.6254.1517875197.323726,
1.2.276.0.7230010.3.1.4.8323329.6255.1517875197.328963,
1.2.276.0.7230010.3.1.4.8323329.6256.1517875197.336110,
1.2.276.0.7230010.3.1.4.8323329.6257.1517875197.339524,
1.2.276.0.7230010.3.1.4.8323329.6258.1517875197.334046,
1.2.276.0.7230010.3.1.4.8323329.6259.1517875197.346009,
1.2.276.0.7230010.3.1.4.8323329.626.1517875163.778371,
1.2.276.0.7230010.3.1.4.8323329.6260.1517875197.348051,
1.2.276.0.7230010.3.1.4.8323329.6261.1517875197.346975,
1.2.276.0.7230010.3.1.4.8323329.6262.1517875197.366218,
1.2.276.0.7230010.3.1.4.8323329.6263.1517875197.363527,
1.2.276.0.7230010.3.1.4.8323329.6264.1517875197.361691,
1.2.276.0.7230010.3.1.4.8323329.6265.1517875197.370012,
1.2.276.0.7230010.3.1.4.8323329.6266.1517875197.375980,
1.2.276.0.7230010.3.1.4.8323329.6267.1517875197.382679,
1.2.276.0.7230010.3.1.4.8323329.6268.1517875197.376736,
1.2.276.0.7230010.3.1.4.8323329.6269.1517875197.383445,
1.2.276.0.7230010.3.1.4.8323329.627.1517875163.778449,
1.2.276.0.7230010.3.1.4.8323329.6270.1517875197.383864,
1.2.276.0.7230010.3.1.4.8323329.6271.1517875197.378304,
1.2.276.0.7230010.3.1.4.8323329.6272.1517875197.397550,
1.2.276.0.7230010.3.1.4.8323329.6273.1517875197.395233,
1.2.276.0.7230010.3.1.4.8323329.6274.1517875197.410023,
1.2.276.0.7230010.3.1.4.8323329.6275.1517875197.411005,
1.2.276.0.7230010.3.1.4.8323329.6276.1517875197.414551,
1.2.276.0.7230010.3.1.4.8323329.6277.1517875197.415485,
1.2.276.0.7230010.3.1.4.8323329.6278.1517875197.409310,
1.2.276.0.7230010.3.1.4.8323329.6279.1517875197.429307,
1.2.276.0.7230010.3.1.4.8323329.628.1517875163.776070,
1.2.276.0.7230010.3.1.4.8323329.6280.1517875197.424048,
1.2.276.0.7230010.3.1.4.8323329.6281.1517875197.432941,
1.2.276.0.7230010.3.1.4.8323329.6282.1517875197.431265,
1.2.276.0.7230010.3.1.4.8323329.6283.1517875197.438469,
1.2.276.0.7230010.3.1.4.8323329.6284.1517875197.440190,
1.2.276.0.7230010.3.1.4.8323329.6285.1517875197.447481,
1.2.276.0.7230010.3.1.4.8323329.6286.1517875197.448114,
1.2.276.0.7230010.3.1.4.8323329.6287.1517875197.447990,
1.2.276.0.7230010.3.1.4.8323329.6288.1517875197.459474,
1.2.276.0.7230010.3.1.4.8323329.6289.1517875197.459157,
1.2.276.0.7230010.3.1.4.8323329.629.1517875163.794818,
1.2.276.0.7230010.3.1.4.8323329.6290.1517875197.455787,
1.2.276.0.7230010.3.1.4.8323329.6291.1517875197.459402,
1.2.276.0.7230010.3.1.4.8323329.6292.1517875197.471780,
1.2.276.0.7230010.3.1.4.8323329.6293.1517875197.472824,
1.2.276.0.7230010.3.1.4.8323329.6294.1517875197.473137,
1.2.276.0.7230010.3.1.4.8323329.6295.1517875197.470575,
1.2.276.0.7230010.3.1.4.8323329.6296.1517875197.477543,
1.2.276.0.7230010.3.1.4.8323329.6297.1517875197.492232,
1.2.276.0.7230010.3.1.4.8323329.6298.1517875197.486753,
1.2.276.0.7230010.3.1.4.8323329.6299.1517875197.492203,
1.2.276.0.7230010.3.1.4.8323329.630.1517875163.792432,
1.2.276.0.7230010.3.1.4.8323329.6300.1517875197.498602,
1.2.276.0.7230010.3.1.4.8323329.6301.1517875197.493580,
1.2.276.0.7230010.3.1.4.8323329.6302.1517875197.494746,
1.2.276.0.7230010.3.1.4.8323329.6303.1517875197.498147,
1.2.276.0.7230010.3.1.4.8323329.6304.1517875197.506126,
1.2.276.0.7230010.3.1.4.8323329.6305.1517875197.518098,
1.2.276.0.7230010.3.1.4.8323329.6306.1517875197.520463,
1.2.276.0.7230010.3.1.4.8323329.6307.1517875197.531851,
1.2.276.0.7230010.3.1.4.8323329.6308.1517875197.534859,
1.2.276.0.7230010.3.1.4.8323329.6309.1517875197.551716,
1.2.276.0.7230010.3.1.4.8323329.631.1517875163.801528,
1.2.276.0.7230010.3.1.4.8323329.6310.1517875197.547271,
1.2.276.0.7230010.3.1.4.8323329.6311.1517875197.551144,
1.2.276.0.7230010.3.1.4.8323329.6312.1517875197.557649,
1.2.276.0.7230010.3.1.4.8323329.6313.1517875197.567291,
1.2.276.0.7230010.3.1.4.8323329.6314.1517875197.568407,
1.2.276.0.7230010.3.1.4.8323329.6315.1517875197.565267,
1.2.276.0.7230010.3.1.4.8323329.6316.1517875197.577463,
1.2.276.0.7230010.3.1.4.8323329.6317.1517875197.593899,
1.2.276.0.7230010.3.1.4.8323329.6318.1517875197.594707,
1.2.276.0.7230010.3.1.4.8323329.6319.1517875197.587372,
1.2.276.0.7230010.3.1.4.8323329.632.1517875163.806564,
1.2.276.0.7230010.3.1.4.8323329.6320.1517875197.596561,
1.2.276.0.7230010.3.1.4.8323329.6321.1517875197.599516,
1.2.276.0.7230010.3.1.4.8323329.6322.1517875197.599558,
1.2.276.0.7230010.3.1.4.8323329.6323.1517875197.605695,
1.2.276.0.7230010.3.1.4.8323329.6324.1517875197.615634,
1.2.276.0.7230010.3.1.4.8323329.6325.1517875197.622786,
1.2.276.0.7230010.3.1.4.8323329.6326.1517875197.630277,
1.2.276.0.7230010.3.1.4.8323329.6327.1517875197.636226,
1.2.276.0.7230010.3.1.4.8323329.6328.1517875197.648207,
1.2.276.0.7230010.3.1.4.8323329.6329.1517875197.653059,
1.2.276.0.7230010.3.1.4.8323329.633.1517875163.803794,
1.2.276.0.7230010.3.1.4.8323329.6330.1517875197.657242,
1.2.276.0.7230010.3.1.4.8323329.6331.1517875197.658596,
1.2.276.0.7230010.3.1.4.8323329.6332.1517875197.672027,
1.2.276.0.7230010.3.1.4.8323329.6333.1517875197.672027,
1.2.276.0.7230010.3.1.4.8323329.6334.1517875197.669105,
1.2.276.0.7230010.3.1.4.8323329.6335.1517875197.680780,
1.2.276.0.7230010.3.1.4.8323329.6336.1517875197.684382,
1.2.276.0.7230010.3.1.4.8323329.6337.1517875197.692126,
1.2.276.0.7230010.3.1.4.8323329.6338.1517875197.693438,
1.2.276.0.7230010.3.1.4.8323329.6339.1517875197.694880,
1.2.276.0.7230010.3.1.4.8323329.634.1517875163.807796,
1.2.276.0.7230010.3.1.4.8323329.6340.1517875197.696624,
1.2.276.0.7230010.3.1.4.8323329.6341.1517875197.710656,
1.2.276.0.7230010.3.1.4.8323329.6342.1517875197.715974,
1.2.276.0.7230010.3.1.4.8323329.6343.1517875197.715116,
1.2.276.0.7230010.3.1.4.8323329.6344.1517875197.715613,
1.2.276.0.7230010.3.1.4.8323329.6345.1517875197.718900,
1.2.276.0.7230010.3.1.4.8323329.6346.1517875197.726308,
1.2.276.0.7230010.3.1.4.8323329.6347.1517875197.737091,
1.2.276.0.7230010.3.1.4.8323329.6348.1517875197.741356,
1.2.276.0.7230010.3.1.4.8323329.6349.1517875197.745174,
1.2.276.0.7230010.3.1.4.8323329.635.1517875163.816631,
1.2.276.0.7230010.3.1.4.8323329.6350.1517875197.744359,
1.2.276.0.7230010.3.1.4.8323329.6351.1517875197.762902,
1.2.276.0.7230010.3.1.4.8323329.6352.1517875197.763294,
1.2.276.0.7230010.3.1.4.8323329.6353.1517875197.766354,
1.2.276.0.7230010.3.1.4.8323329.6354.1517875197.767045,
1.2.276.0.7230010.3.1.4.8323329.6355.1517875197.778464,
1.2.276.0.7230010.3.1.4.8323329.6356.1517875197.786674,
1.2.276.0.7230010.3.1.4.8323329.6357.1517875197.797271,
1.2.276.0.7230010.3.1.4.8323329.6358.1517875197.790842,
1.2.276.0.7230010.3.1.4.8323329.6359.1517875197.803699,
1.2.276.0.7230010.3.1.4.8323329.636.1517875163.821345,
1.2.276.0.7230010.3.1.4.8323329.6360.1517875197.797566,
1.2.276.0.7230010.3.1.4.8323329.6361.1517875197.804479,
1.2.276.0.7230010.3.1.4.8323329.6362.1517875197.799630,
1.2.276.0.7230010.3.1.4.8323329.6363.1517875197.804690,
1.2.276.0.7230010.3.1.4.8323329.6364.1517875197.813376,
1.2.276.0.7230010.3.1.4.8323329.6365.1517875197.815280,
1.2.276.0.7230010.3.1.4.8323329.6366.1517875197.821386,
1.2.276.0.7230010.3.1.4.8323329.6367.1517875197.839026,
1.2.276.0.7230010.3.1.4.8323329.6368.1517875197.827723,
1.2.276.0.7230010.3.1.4.8323329.6369.1517875197.827983,
1.2.276.0.7230010.3.1.4.8323329.637.1517875163.824884,
1.2.276.0.7230010.3.1.4.8323329.6370.1517875197.841736,
1.2.276.0.7230010.3.1.4.8323329.6371.1517875197.833904,
1.2.276.0.7230010.3.1.4.8323329.6372.1517875197.842374,
1.2.276.0.7230010.3.1.4.8323329.6373.1517875197.849069,
1.2.276.0.7230010.3.1.4.8323329.6374.1517875197.849125,
1.2.276.0.7230010.3.1.4.8323329.6375.1517875197.861521,
1.2.276.0.7230010.3.1.4.8323329.6376.1517875197.859508,
1.2.276.0.7230010.3.1.4.8323329.6377.1517875197.864983,
1.2.276.0.7230010.3.1.4.8323329.6378.1517875197.873867,
1.2.276.0.7230010.3.1.4.8323329.6379.1517875197.888352,
1.2.276.0.7230010.3.1.4.8323329.638.1517875163.828825,
1.2.276.0.7230010.3.1.4.8323329.6380.1517875197.881893,
1.2.276.0.7230010.3.1.4.8323329.6381.1517875197.886073,
1.2.276.0.7230010.3.1.4.8323329.6382.1517875197.902640,
1.2.276.0.7230010.3.1.4.8323329.6383.1517875197.906377,
1.2.276.0.7230010.3.1.4.8323329.6384.1517875197.905964,
1.2.276.0.7230010.3.1.4.8323329.6385.1517875197.916433,
1.2.276.0.7230010.3.1.4.8323329.6386.1517875197.917450,
1.2.276.0.7230010.3.1.4.8323329.6387.1517875197.911585,
1.2.276.0.7230010.3.1.4.8323329.6388.1517875197.926387,
1.2.276.0.7230010.3.1.4.8323329.6389.1517875197.938876,
1.2.276.0.7230010.3.1.4.8323329.639.1517875163.837692,
1.2.276.0.7230010.3.1.4.8323329.6390.1517875197.939405,
1.2.276.0.7230010.3.1.4.8323329.6391.1517875197.934222,
1.2.276.0.7230010.3.1.4.8323329.6392.1517875197.939270,
1.2.276.0.7230010.3.1.4.8323329.6393.1517875197.939299,
1.2.276.0.7230010.3.1.4.8323329.6394.1517875197.948071,
1.2.276.0.7230010.3.1.4.8323329.6395.1517875197.962863,
1.2.276.0.7230010.3.1.4.8323329.6396.1517875197.964534,
1.2.276.0.7230010.3.1.4.8323329.6397.1517875197.966066,
1.2.276.0.7230010.3.1.4.8323329.6398.1517875197.967337,
1.2.276.0.7230010.3.1.4.8323329.6399.1517875197.973142,
1.2.276.0.7230010.3.1.4.8323329.6400.1517875197.975358,
1.2.276.0.7230010.3.1.4.8323329.6401.1517875197.998207,
1.2.276.0.7230010.3.1.4.8323329.6402.1517875197.991927,
1.2.276.0.7230010.3.1.4.8323329.6403.1517875197.998353,
1.2.276.0.7230010.3.1.4.8323329.6404.1517875197.996598,
1.2.276.0.7230010.3.1.4.8323329.6405.1517875198.3857,
1.2.276.0.7230010.3.1.4.8323329.6406.1517875198.9054,
1.2.276.0.7230010.3.1.4.8323329.6407.1517875198.20897,
1.2.276.0.7230010.3.1.4.8323329.6408.1517875198.25100,
1.2.276.0.7230010.3.1.4.8323329.6409.1517875198.38966,
1.2.276.0.7230010.3.1.4.8323329.6410.1517875198.41544,
1.2.276.0.7230010.3.1.4.8323329.6411.1517875198.46765,
1.2.276.0.7230010.3.1.4.8323329.6412.1517875198.46707,
1.2.276.0.7230010.3.1.4.8323329.6413.1517875198.52725,
1.2.276.0.7230010.3.1.4.8323329.6414.1517875198.57641,
1.2.276.0.7230010.3.1.4.8323329.6415.1517875198.59061,
1.2.276.0.7230010.3.1.4.8323329.6416.1517875198.77714,
1.2.276.0.7230010.3.1.4.8323329.6417.1517875198.78623,
1.2.276.0.7230010.3.1.4.8323329.6418.1517875198.79240,
1.2.276.0.7230010.3.1.4.8323329.6419.1517875198.82032,
1.2.276.0.7230010.3.1.4.8323329.642.1517875163.841478,
1.2.276.0.7230010.3.1.4.8323329.6420.1517875198.96742,
1.2.276.0.7230010.3.1.4.8323329.6421.1517875198.98821,
1.2.276.0.7230010.3.1.4.8323329.6422.1517875198.101240,
1.2.276.0.7230010.3.1.4.8323329.6423.1517875198.98804,
1.2.276.0.7230010.3.1.4.8323329.6424.1517875198.109252,
1.2.276.0.7230010.3.1.4.8323329.6425.1517875198.118715,
1.2.276.0.7230010.3.1.4.8323329.6426.1517875198.121087,
1.2.276.0.7230010.3.1.4.8323329.6427.1517875198.121527,
1.2.276.0.7230010.3.1.4.8323329.6428.1517875198.134029,
1.2.276.0.7230010.3.1.4.8323329.6429.1517875198.135009,
1.2.276.0.7230010.3.1.4.8323329.643.1517875163.850678,
1.2.276.0.7230010.3.1.4.8323329.6430.1517875198.140985,
1.2.276.0.7230010.3.1.4.8323329.6431.1517875198.145400,
1.2.276.0.7230010.3.1.4.8323329.6432.1517875198.147220,
1.2.276.0.7230010.3.1.4.8323329.6433.1517875198.164658,
1.2.276.0.7230010.3.1.4.8323329.6434.1517875198.159220,
1.2.276.0.7230010.3.1.4.8323329.6435.1517875198.167071,
1.2.276.0.7230010.3.1.4.8323329.6436.1517875198.188359,
1.2.276.0.7230010.3.1.4.8323329.6437.1517875198.210070,
1.2.276.0.7230010.3.1.4.8323329.6438.1517875198.224488,
1.2.276.0.7230010.3.1.4.8323329.6439.1517875198.234221,
1.2.276.0.7230010.3.1.4.8323329.644.1517875163.850974,
1.2.276.0.7230010.3.1.4.8323329.6440.1517875198.234389,
1.2.276.0.7230010.3.1.4.8323329.6441.1517875198.234488,
1.2.276.0.7230010.3.1.4.8323329.6442.1517875198.245282,
1.2.276.0.7230010.3.1.4.8323329.6443.1517875198.253828,
1.2.276.0.7230010.3.1.4.8323329.6444.1517875198.259517,
1.2.276.0.7230010.3.1.4.8323329.6445.1517875198.270925,
1.2.276.0.7230010.3.1.4.8323329.6446.1517875198.273534,
1.2.276.0.7230010.3.1.4.8323329.6447.1517875198.281655,
1.2.276.0.7230010.3.1.4.8323329.6448.1517875198.286676,
1.2.276.0.7230010.3.1.4.8323329.6449.1517875198.293152,
1.2.276.0.7230010.3.1.4.8323329.645.1517875163.863853,
1.2.276.0.7230010.3.1.4.8323329.6450.1517875198.300471,
1.2.276.0.7230010.3.1.4.8323329.6451.1517875198.303528,
1.2.276.0.7230010.3.1.4.8323329.6452.1517875198.299463,
1.2.276.0.7230010.3.1.4.8323329.6453.1517875198.315883,
1.2.276.0.7230010.3.1.4.8323329.6454.1517875198.319349,
1.2.276.0.7230010.3.1.4.8323329.6455.1517875198.323945,
1.2.276.0.7230010.3.1.4.8323329.6456.1517875198.328310,
1.2.276.0.7230010.3.1.4.8323329.6457.1517875198.343515,
1.2.276.0.7230010.3.1.4.8323329.6458.1517875198.350986,
1.2.276.0.7230010.3.1.4.8323329.6459.1517875198.354778,
1.2.276.0.7230010.3.1.4.8323329.646.1517875163.863397,
1.2.276.0.7230010.3.1.4.8323329.6460.1517875198.378416,
1.2.276.0.7230010.3.1.4.8323329.6461.1517875198.378637,
1.2.276.0.7230010.3.1.4.8323329.6462.1517875198.381591,
1.2.276.0.7230010.3.1.4.8323329.6463.1517875198.399348,
1.2.276.0.7230010.3.1.4.8323329.6464.1517875198.406892,
1.2.276.0.7230010.3.1.4.8323329.6465.1517875198.397596,
1.2.276.0.7230010.3.1.4.8323329.6466.1517875198.409617,
1.2.276.0.7230010.3.1.4.8323329.6467.1517875198.409616,
1.2.276.0.7230010.3.1.4.8323329.6468.1517875198.422051,
1.2.276.0.7230010.3.1.4.8323329.6469.1517875198.440807,
1.2.276.0.7230010.3.1.4.8323329.647.1517875163.875287,
1.2.276.0.7230010.3.1.4.8323329.6470.1517875198.446351,
1.2.276.0.7230010.3.1.4.8323329.6471.1517875198.446141,
1.2.276.0.7230010.3.1.4.8323329.6472.1517875198.457782,
1.2.276.0.7230010.3.1.4.8323329.6473.1517875198.462294,
1.2.276.0.7230010.3.1.4.8323329.6474.1517875198.470553,
1.2.276.0.7230010.3.1.4.8323329.6475.1517875198.485703,
1.2.276.0.7230010.3.1.4.8323329.6476.1517875198.485034,
1.2.276.0.7230010.3.1.4.8323329.6477.1517875198.495604,
1.2.276.0.7230010.3.1.4.8323329.6478.1517875198.493740,
1.2.276.0.7230010.3.1.4.8323329.6479.1517875198.503451,
1.2.276.0.7230010.3.1.4.8323329.648.1517875163.875119,
1.2.276.0.7230010.3.1.4.8323329.6480.1517875198.516697,
1.2.276.0.7230010.3.1.4.8323329.6481.1517875198.540860,
1.2.276.0.7230010.3.1.4.8323329.6482.1517875198.513497,
1.2.276.0.7230010.3.1.4.8323329.6483.1517875198.520406,
1.2.276.0.7230010.3.1.4.8323329.6484.1517875198.525862,
1.2.276.0.7230010.3.1.4.8323329.6485.1517875198.529405,
1.2.276.0.7230010.3.1.4.8323329.6486.1517875198.537781,
1.2.276.0.7230010.3.1.4.8323329.6487.1517875198.537888,
1.2.276.0.7230010.3.1.4.8323329.6488.1517875198.544466,
1.2.276.0.7230010.3.1.4.8323329.6489.1517875198.546876,
1.2.276.0.7230010.3.1.4.8323329.649.1517875163.885178,
1.2.276.0.7230010.3.1.4.8323329.6490.1517875198.551179,
1.2.276.0.7230010.3.1.4.8323329.6491.1517875198.577052,
1.2.276.0.7230010.3.1.4.8323329.6492.1517875198.571281,
1.2.276.0.7230010.3.1.4.8323329.6493.1517875198.578203,
1.2.276.0.7230010.3.1.4.8323329.6494.1517875198.583424,
1.2.276.0.7230010.3.1.4.8323329.6495.1517875198.607654,
1.2.276.0.7230010.3.1.4.8323329.6496.1517875198.605039,
1.2.276.0.7230010.3.1.4.8323329.6497.1517875198.600389,
1.2.276.0.7230010.3.1.4.8323329.6498.1517875198.604149,
1.2.276.0.7230010.3.1.4.8323329.6499.1517875198.607755,
1.2.276.0.7230010.3.1.4.8323329.650.1517875163.887659,
1.2.276.0.7230010.3.1.4.8323329.6500.1517875198.625322,
1.2.276.0.7230010.3.1.4.8323329.6501.1517875198.625338,
1.2.276.0.7230010.3.1.4.8323329.6502.1517875198.634464,
1.2.276.0.7230010.3.1.4.8323329.6503.1517875198.635973,
1.2.276.0.7230010.3.1.4.8323329.6504.1517875198.644193,
1.2.276.0.7230010.3.1.4.8323329.6505.1517875198.644193,
1.2.276.0.7230010.3.1.4.8323329.6506.1517875198.651132,
1.2.276.0.7230010.3.1.4.8323329.6507.1517875198.652322,
1.2.276.0.7230010.3.1.4.8323329.6508.1517875198.651020,
1.2.276.0.7230010.3.1.4.8323329.6509.1517875198.658543,
1.2.276.0.7230010.3.1.4.8323329.651.1517875163.893617,
1.2.276.0.7230010.3.1.4.8323329.6510.1517875198.659480,
1.2.276.0.7230010.3.1.4.8323329.6511.1517875198.669726,
1.2.276.0.7230010.3.1.4.8323329.6512.1517875198.672709,
1.2.276.0.7230010.3.1.4.8323329.6513.1517875198.679142,
1.2.276.0.7230010.3.1.4.8323329.6514.1517875198.681192,
1.2.276.0.7230010.3.1.4.8323329.6515.1517875198.680967,
1.2.276.0.7230010.3.1.4.8323329.6516.1517875198.689552,
1.2.276.0.7230010.3.1.4.8323329.6517.1517875198.689322,
1.2.276.0.7230010.3.1.4.8323329.6518.1517875198.700842,
1.2.276.0.7230010.3.1.4.8323329.6519.1517875198.710393,
1.2.276.0.7230010.3.1.4.8323329.652.1517875163.896438,
1.2.276.0.7230010.3.1.4.8323329.6520.1517875198.721077,
1.2.276.0.7230010.3.1.4.8323329.6521.1517875198.729391,
1.2.276.0.7230010.3.1.4.8323329.6522.1517875198.731522,
1.2.276.0.7230010.3.1.4.8323329.6523.1517875198.734816,
1.2.276.0.7230010.3.1.4.8323329.6524.1517875198.737947,
1.2.276.0.7230010.3.1.4.8323329.6525.1517875198.746420,
1.2.276.0.7230010.3.1.4.8323329.6526.1517875198.755643,
1.2.276.0.7230010.3.1.4.8323329.6527.1517875198.754879,
1.2.276.0.7230010.3.1.4.8323329.6528.1517875198.775711,
1.2.276.0.7230010.3.1.4.8323329.6529.1517875198.776044,
1.2.276.0.7230010.3.1.4.8323329.653.1517875163.898610,
1.2.276.0.7230010.3.1.4.8323329.6530.1517875198.769967,
1.2.276.0.7230010.3.1.4.8323329.6531.1517875198.771655,
1.2.276.0.7230010.3.1.4.8323329.6532.1517875198.780552,
1.2.276.0.7230010.3.1.4.8323329.6533.1517875198.781947,
1.2.276.0.7230010.3.1.4.8323329.6534.1517875198.790948,
1.2.276.0.7230010.3.1.4.8323329.6535.1517875198.794635,
1.2.276.0.7230010.3.1.4.8323329.6536.1517875198.802172,
1.2.276.0.7230010.3.1.4.8323329.6537.1517875198.795847,
1.2.276.0.7230010.3.1.4.8323329.6538.1517875198.814839,
1.2.276.0.7230010.3.1.4.8323329.6539.1517875198.805503,
1.2.276.0.7230010.3.1.4.8323329.654.1517875163.913751,
1.2.276.0.7230010.3.1.4.8323329.6540.1517875198.820092,
1.2.276.0.7230010.3.1.4.8323329.6541.1517875198.810775,
1.2.276.0.7230010.3.1.4.8323329.6542.1517875198.826821,
1.2.276.0.7230010.3.1.4.8323329.6543.1517875198.827634,
1.2.276.0.7230010.3.1.4.8323329.6544.1517875198.824207,
1.2.276.0.7230010.3.1.4.8323329.6545.1517875198.830763,
1.2.276.0.7230010.3.1.4.8323329.6546.1517875198.835779,
1.2.276.0.7230010.3.1.4.8323329.6547.1517875198.843299,
1.2.276.0.7230010.3.1.4.8323329.6548.1517875198.840825,
1.2.276.0.7230010.3.1.4.8323329.6549.1517875198.851283,
1.2.276.0.7230010.3.1.4.8323329.655.1517875163.918966,
1.2.276.0.7230010.3.1.4.8323329.6550.1517875198.864134,
1.2.276.0.7230010.3.1.4.8323329.6551.1517875198.862018,
1.2.276.0.7230010.3.1.4.8323329.6552.1517875198.864344,
1.2.276.0.7230010.3.1.4.8323329.6553.1517875198.873811,
1.2.276.0.7230010.3.1.4.8323329.6554.1517875198.877881,
1.2.276.0.7230010.3.1.4.8323329.6555.1517875198.878767,
1.2.276.0.7230010.3.1.4.8323329.6556.1517875198.879261,
1.2.276.0.7230010.3.1.4.8323329.6557.1517875198.892166,
1.2.276.0.7230010.3.1.4.8323329.6558.1517875198.904351,
1.2.276.0.7230010.3.1.4.8323329.6559.1517875198.898497,
1.2.276.0.7230010.3.1.4.8323329.656.1517875163.919215,
1.2.276.0.7230010.3.1.4.8323329.6560.1517875198.898497,
1.2.276.0.7230010.3.1.4.8323329.6561.1517875198.912095,
1.2.276.0.7230010.3.1.4.8323329.6562.1517875198.915383,
1.2.276.0.7230010.3.1.4.8323329.6563.1517875198.922529,
1.2.276.0.7230010.3.1.4.8323329.6564.1517875198.919717,
1.2.276.0.7230010.3.1.4.8323329.6565.1517875198.932954,
1.2.276.0.7230010.3.1.4.8323329.6566.1517875198.928786,
1.2.276.0.7230010.3.1.4.8323329.6567.1517875198.951391,
1.2.276.0.7230010.3.1.4.8323329.6568.1517875198.954591,
1.2.276.0.7230010.3.1.4.8323329.6569.1517875198.939534,
1.2.276.0.7230010.3.1.4.8323329.657.1517875163.919754,
1.2.276.0.7230010.3.1.4.8323329.6570.1517875198.942747,
1.2.276.0.7230010.3.1.4.8323329.6571.1517875198.965246,
1.2.276.0.7230010.3.1.4.8323329.6572.1517875198.979958,
1.2.276.0.7230010.3.1.4.8323329.6573.1517875198.975523,
1.2.276.0.7230010.3.1.4.8323329.6574.1517875198.989135,
1.2.276.0.7230010.3.1.4.8323329.6575.1517875199.7977,
1.2.276.0.7230010.3.1.4.8323329.6576.1517875198.998708,
